Workbook

Sheet KV1950_PC_b2_i30
A1: 11830 | B1: -129.61 | C1: 3.1769 | D1: 45
A2: 11923 | B2: -131.42 | C2: 2.8104 | D2: 45
A3: 12016 | B3: -131.09 | C3: 2.3216 | D3: 45
A4: 12108 | B4: -130.83 | C4: 1.3441 | D4: 45
A5: 12201 | B5: -130.35 | C5: 2.4438 | D5: 45
A6: 12295 | B6: -130.55 | C6: 2.9326 | D6: 45
A7: 12387 | B7: -131.04 | C7: 1.955 | D7: 45
A8: 12480 | B8: -130.49 | C8: 2.3216 | D8: 45
A9: 12573 | B9: -130.75 | C9: 6.3539 | D9: 45
A10: 12665 | B10: -131.2 | C10: 4.6432 | D10: 45
A11: 12759 | B11: -130.33 | C11: 2.4438 | D11: 45
A12: 12852 | B12: -129.7 | C12: 5.9873 | D12: 45
... A1073: 111360 | B1073: -137.21 | C1073: 3.4213 | D1073: 46
B1074: 46

Sheet Sheet1
A1: 10 | B1: =-AVERAGEIF(KV1950_PC_b2_i30!$D:$D,$A1,KV1950_PC_b2_i30!B:B) -> #DIV/0! | C1: =AVERAGEIFS(KV1950_PC_b2_i30!C:C,KV1950_PC_b2_i30!D:D,Sheet1!A1) -> #DIV/0!
A2: 11 | B2: =-AVERAGEIF(KV1950_PC_b2_i30!D:D,A2,KV1950_PC_b2_i30!B:B) -> #DIV/0! | C2: =AVERAGEIFS(KV1950_PC_b2_i30!C:C,KV1950_PC_b2_i30!D:D,Sheet1!A2) -> #DIV/0!
A3: 12 | B3: =-AVERAGEIF(KV1950_PC_b2_i30!D:D,A3,KV1950_PC_b2_i30!B:B) -> #DIV/0! | C3: =AVERAGEIFS(KV1950_PC_b2_i30!C:C,KV1950_PC_b2_i30!D:D,Sheet1!A3) -> #DIV/0!
A4: 13 | B4: =-AVERAGEIF(KV1950_PC_b2_i30!D:D,A4,KV1950_PC_b2_i30!B:B) -> #DIV/0! | C4: =AVERAGEIFS(KV1950_PC_b2_i30!C:C,KV1950_PC_b2_i30!D:D,Sheet1!A4) -> #DIV/0!
A5: 14 | B5: =-AVERAGEIF(KV1950_PC_b2_i30!D:D,A5,KV1950_PC_b2_i30!B:B) -> #DIV/0! | C5: =AVERAGEIFS(KV1950_PC_b2_i30!C:C,KV1950_PC_b2_i30!D:D,Sheet1!A5) -> #DIV/0!
A6: 15 | B6: =-AVERAGEIF(KV1950_PC_b2_i30!D:D,A6,KV1950_PC_b2_i30!B:B) -> #DIV/0! | C6: =AVERAGEIFS(KV1950_PC_b2_i30!C:C,KV1950_PC_b2_i30!D:D,Sheet1!A6) -> #DIV/0!
A7: 16 | B7: =-AVERAGEIF(KV1950_PC_b2_i30!D:D,A7,KV1950_PC_b2_i30!B:B) -> #DIV/0! | C7: =AVERAGEIFS(KV1950_PC_b2_i30!C:C,KV1950_PC_b2_i30!D:D,Sheet1!A7) -> #DIV/0!
A8: 17 | B8: =-AVERAGEIF(KV1950_PC_b2_i30!D:D,A8,KV1950_PC_b2_i30!B:B) -> #DIV/0! | C8: =AVERAGEIFS(KV1950_PC_b2_i30!C:C,KV1950_PC_b2_i30!D:D,Sheet1!A8) -> #DIV/0!
A9: 18 | B9: =-AVERAGEIF(KV1950_PC_b2_i30!D:D,A9,KV1950_PC_b2_i30!B:B) -> #DIV/0! | C9: =AVERAGEIFS(KV1950_PC_b2_i30!C:C,KV1950_PC_b2_i30!D:D,Sheet1!A9) -> #DIV/0!
A10: 19 | B10: =-AVERAGEIF(KV1950_PC_b2_i30!D:D,A10,KV1950_PC_b2_i30!B:B) -> #DIV/0! | C10: =AVERAGEIFS(KV1950_PC_b2_i30!C:C,KV1950_PC_b2_i30!D:D,Sheet1!A10) -> #DIV/0!
A11: 20 | B11: =-AVERAGEIF(KV1950_PC_b2_i30!D:D,A11,KV1950_PC_b2_i30!B:B) -> #DIV/0! | C11: =AVERAGEIFS(KV1950_PC_b2_i30!C:C,KV1950_PC_b2_i30!D:D,Sheet1!A11) -> #DIV/0!
A12: 21 | B12: =-AVERAGEIF(KV1950_PC_b2_i30!D:D,A12,KV1950_PC_b2_i30!B:B) -> #DIV/0! | C12: =AVERAGEIFS(KV1950_PC_b2_i30!C:C,KV1950_PC_b2_i30!D:D,Sheet1!A12) -> #DIV/0!
A13: 22 | B13: =-AVERAGEIF(KV1950_PC_b2_i30!D:D,A13,KV1950_PC_b2_i30!B:B) -> #DIV/0! | C13: =AVERAGEIFS(KV1950_PC_b2_i30!C:C,KV1950_PC_b2_i30!D:D,Sheet1!A13) -> #DIV/0!
... A91: 100 | B91: =-AVERAGEIF(KV1950_PC_b2_i30!D:D,A91,KV1950_PC_b2_i30!B:B) -> #DIV/0! | C91: =AVERAGEIFS(KV1950_PC_b2_i30!C:C,KV1950_PC_b2_i30!D:D,Sheet1!A91) -> #DIV/0!
