Workbook

Sheet KV2550_PC_b2_i30
A1: 11830 | B1: -8.99 | C1: 0.1222 | D1: 10
A2: 11923 | B2: -8.62 | C2: -0.2444 | D2: 10
A3: 12016 | B3: -8.61 | C3: 0.7331 | D3: 10
A4: 12108 | B4: -8.55 | C4: 0.2444 | D4: 10
A5: 12201 | B5: -8.47 | C5: 0.3666 | D5: 10
A6: 12295 | B6: -8.45 | C6: 0 | D6: 10
A7: 12387 | B7: -8.55 | C7: 0.2444 | D7: 10
A8: 12480 | B8: -8.31 | C8: 0.3666 | D8: 10
A9: 12573 | B9: -8.27 | C9: 0.2444 | D9: 10
A10: 12665 | B10: -8.25 | C10: 0.1222 | D10: 10
A11: 12759 | B11: -8.34 | C11: 0 | D11: 10
A12: 12852 | B12: -8.51 | C12: 0.1222 | D12: 10
... A3873: 371255 | B3873: -8.99 | C3873: -0.4888 | D3873: 11
B3874: 11

Sheet Sheet1
A1: 10 | B1: =-AVERAGEIF(KV2550_PC_b2_i30!D:D,Sheet1!A1,KV2550_PC_b2_i30!B:B) -> 8.4194737 | C1: =AVERAGEIFS(KV2550_PC_b2_i30!C:C,KV2550_PC_b2_i30!D:D,Sheet1!A1) -> 0.23795263
A2: 11 | B2: =-AVERAGEIF(KV2550_PC_b2_i30!D:D,Sheet1!A2,KV2550_PC_b2_i30!B:B) -> 9.6518605 | C2: =AVERAGEIFS(KV2550_PC_b2_i30!C:C,KV2550_PC_b2_i30!D:D,Sheet1!A2) -> 0.053993023
A3: 12 | B3: =-AVERAGEIF(KV2550_PC_b2_i30!D:D,Sheet1!A3,KV2550_PC_b2_i30!B:B) -> 11.540238 | C3: =AVERAGEIFS(KV2550_PC_b2_i30!C:C,KV2550_PC_b2_i30!D:D,Sheet1!A3) -> 0.078552381
A4: 13 | B4: =-AVERAGEIF(KV2550_PC_b2_i30!D:D,Sheet1!A4,KV2550_PC_b2_i30!B:B) -> 14.297045 | C4: =AVERAGEIFS(KV2550_PC_b2_i30!C:C,KV2550_PC_b2_i30!D:D,Sheet1!A4) -> 0.17495682
A5: 14 | B5: =-AVERAGEIF(KV2550_PC_b2_i30!D:D,Sheet1!A5,KV2550_PC_b2_i30!B:B) -> 16.780952 | C5: =AVERAGEIFS(KV2550_PC_b2_i30!C:C,KV2550_PC_b2_i30!D:D,Sheet1!A5) -> 0.20655714
A6: 15 | B6: =-AVERAGEIF(KV2550_PC_b2_i30!D:D,Sheet1!A6,KV2550_PC_b2_i30!B:B) -> 19.920682 | C6: =AVERAGEIFS(KV2550_PC_b2_i30!C:C,KV2550_PC_b2_i30!D:D,Sheet1!A6) -> 0.30824773
A7: 16 | B7: =-AVERAGEIF(KV2550_PC_b2_i30!D:D,Sheet1!A7,KV2550_PC_b2_i30!B:B) -> 23.625682 | C7: =AVERAGEIFS(KV2550_PC_b2_i30!C:C,KV2550_PC_b2_i30!D:D,Sheet1!A7) -> 0.33880682
A8: 17 | B8: =-AVERAGEIF(KV2550_PC_b2_i30!D:D,Sheet1!A8,KV2550_PC_b2_i30!B:B) -> 26.912143 | C8: =AVERAGEIFS(KV2550_PC_b2_i30!C:C,KV2550_PC_b2_i30!D:D,Sheet1!A8) -> 0.41020238
A9: 18 | B9: =-AVERAGEIF(KV2550_PC_b2_i30!D:D,Sheet1!A9,KV2550_PC_b2_i30!B:B) -> 30.596136 | C9: =AVERAGEIFS(KV2550_PC_b2_i30!C:C,KV2550_PC_b2_i30!D:D,Sheet1!A9) -> 0.49152955
A10: 19 | B10: =-AVERAGEIF(KV2550_PC_b2_i30!D:D,Sheet1!A10,KV2550_PC_b2_i30!B:B) -> 34.369286 | C10: =AVERAGEIFS(KV2550_PC_b2_i30!C:C,KV2550_PC_b2_i30!D:D,Sheet1!A10) -> 0.59057857
A11: 20 | B11: =-AVERAGEIF(KV2550_PC_b2_i30!D:D,Sheet1!A11,KV2550_PC_b2_i30!B:B) -> 38.789773 | C11: =AVERAGEIFS(KV2550_PC_b2_i30!C:C,KV2550_PC_b2_i30!D:D,Sheet1!A11) -> 0.79701364
A12: 21 | B12: =-AVERAGEIF(KV2550_PC_b2_i30!D:D,Sheet1!A12,KV2550_PC_b2_i30!B:B) -> 42.67619 | C12: =AVERAGEIFS(KV2550_PC_b2_i30!C:C,KV2550_PC_b2_i30!D:D,Sheet1!A12) -> 0.76513333
... A91: 100 | B91: =-AVERAGEIF(KV2550_PC_b2_i30!D:D,Sheet1!A91,KV2550_PC_b2_i30!B:B) -> 785.07571 | C91: =AVERAGEIFS(KV2550_PC_b2_i30!C:C,KV2550_PC_b2_i30!D:D,Sheet1!A91) -> 24.938319
