Workbook

Sheet KV1950_PC_b3_i30
A1: 11923 | B1: 1.47 | C1: 0.3666 | D1: 10
A2: 12016 | B2: 1.55 | C2: 0.1222 | D2: 10
A3: 12109 | B3: 1.5 | C3: 0.1222 | D3: 10
A4: 12201 | B4: 1.72 | C4: 0 | D4: 10
A5: 12295 | B5: 1.73 | C5: 0 | D5: 10
A6: 12388 | B6: 1.57 | C6: 0.2444 | D6: 10
A7: 12480 | B7: 1.59 | C7: 0.1222 | D7: 10
A8: 12573 | B8: 1.55 | C8: 0.2444 | D8: 10
A9: 12666 | B9: 1.55 | C9: 0.1222 | D9: 10
A10: 12759 | B10: 1.32 | C10: 0.2444 | D10: 10
A11: 12852 | B11: 1.39 | C11: 0 | D11: 10
A12: 12945 | B12: 1.36 | C12: 0.1222 | D12: 10
... A3872: 371227 | B3872: 1.78 | C3872: 0.2444 | D3872: 11
B3873: 11

Sheet Sheet1
A1: 10 | B1: =AVERAGEIF(KV1950_PC_b3_i30!D:D,Sheet1!A1,KV1950_PC_b3_i30!B:B)*0.072*9.81/1000 -> 0.0010543788 | C1: =AVERAGEIFS(KV1950_PC_b3_i30!C:C,KV1950_PC_b3_i30!D:D,Sheet1!A1) -> 0.14935556
A2: 11 | B2: =AVERAGEIF(KV1950_PC_b3_i30!D:D,Sheet1!A2,KV1950_PC_b3_i30!B:B)*0.072*9.81/1000 -> 0.0011839894 | C2: =AVERAGEIFS(KV1950_PC_b3_i30!C:C,KV1950_PC_b3_i30!D:D,Sheet1!A2) -> 0.30407442
A3: 12 | B3: =AVERAGEIF(KV1950_PC_b3_i30!D:D,Sheet1!A3,KV1950_PC_b3_i30!B:B)*0.072*9.81/1000 -> 0.0013850599 | C3: =AVERAGEIFS(KV1950_PC_b3_i30!C:C,KV1950_PC_b3_i30!D:D,Sheet1!A3) -> 0.35203333
A4: 13 | B4: =AVERAGEIF(KV1950_PC_b3_i30!D:D,Sheet1!A4,KV1950_PC_b3_i30!B:B)*0.072*9.81/1000 -> 0.0017616263 | C4: =AVERAGEIFS(KV1950_PC_b3_i30!C:C,KV1950_PC_b3_i30!D:D,Sheet1!A4) -> 0.37213636
A5: 14 | B5: =AVERAGEIF(KV1950_PC_b3_i30!D:D,Sheet1!A5,KV1950_PC_b3_i30!B:B)*0.072*9.81/1000 -> 0.0019872818 | C5: =AVERAGEIFS(KV1950_PC_b3_i30!C:C,KV1950_PC_b3_i30!D:D,Sheet1!A5) -> 0.4014881
A6: 15 | B6: =AVERAGEIF(KV1950_PC_b3_i30!D:D,Sheet1!A6,KV1950_PC_b3_i30!B:B)*0.072*9.81/1000 -> 0.0022385528 | C6: =AVERAGEIFS(KV1950_PC_b3_i30!C:C,KV1950_PC_b3_i30!D:D,Sheet1!A6) -> 0.41379318
A7: 16 | B7: =AVERAGEIF(KV1950_PC_b3_i30!D:D,Sheet1!A7,KV1950_PC_b3_i30!B:B)*0.072*9.81/1000 -> 0.0025588495 | C7: =AVERAGEIFS(KV1950_PC_b3_i30!C:C,KV1950_PC_b3_i30!D:D,Sheet1!A7) -> 0.45750233
A8: 17 | B8: =AVERAGEIF(KV1950_PC_b3_i30!D:D,Sheet1!A8,KV1950_PC_b3_i30!B:B)*0.072*9.81/1000 -> 0.0029031395 | C8: =AVERAGEIFS(KV1950_PC_b3_i30!C:C,KV1950_PC_b3_i30!D:D,Sheet1!A8) -> 0.51148605
A9: 18 | B9: =AVERAGEIF(KV1950_PC_b3_i30!D:D,Sheet1!A9,KV1950_PC_b3_i30!B:B)*0.072*9.81/1000 -> 0.0032392164 | C9: =AVERAGEIFS(KV1950_PC_b3_i30!C:C,KV1950_PC_b3_i30!D:D,Sheet1!A9) -> 0.60525814
A10: 19 | B10: =AVERAGEIF(KV1950_PC_b3_i30!D:D,Sheet1!A10,KV1950_PC_b3_i30!B:B)*0.072*9.81/1000 -> 0.003712615 | C10: =AVERAGEIFS(KV1950_PC_b3_i30!C:C,KV1950_PC_b3_i30!D:D,Sheet1!A10) -> 0.53706512
A11: 20 | B11: =AVERAGEIF(KV1950_PC_b3_i30!D:D,Sheet1!A11,KV1950_PC_b3_i30!B:B)*0.072*9.81/1000 -> 0.0042453117 | C11: =AVERAGEIFS(KV1950_PC_b3_i30!C:C,KV1950_PC_b3_i30!D:D,Sheet1!A11) -> 0.68483256
A12: 21 | B12: =AVERAGEIF(KV1950_PC_b3_i30!D:D,Sheet1!A12,KV1950_PC_b3_i30!B:B)*0.072*9.81/1000 -> 0.0047026129 | C12: =AVERAGEIFS(KV1950_PC_b3_i30!C:C,KV1950_PC_b3_i30!D:D,Sheet1!A12) -> 0.84679535
... A91: 100 | B91: =AVERAGEIF(KV1950_PC_b3_i30!D:D,Sheet1!A91,KV1950_PC_b3_i30!B:B)*0.072*9.81/1000 -> 0.080453884 | C91: =AVERAGEIFS(KV1950_PC_b3_i30!C:C,KV1950_PC_b3_i30!D:D,Sheet1!A91) -> 18.887019
